[
    {
        "Name": "azure-iot-edge",
        "Id": "0d9a3236f35e0511254401a85122b7cacf06972c3c8e8f75fafe80e0a5e62c6b",
        "Created": "2023-09-21T07:00:05.534483435Z",
        "Scope": "local",
        "Driver": "bridge",
        "EnableIPv6": false,
        "IPAM": {
            "Driver": "default",
            "Options": null,
            "Config": [
                {
                    "Subnet": "172.18.0.0/16",
                    "Gateway": "172.18.0.1"
                }
            ]
        },
        "Internal": false,
        "Attachable": false,
        "Ingress": false,
        "ConfigFrom": {
            "Network": ""
        },
        "ConfigOnly": false,
        "Containers": {
            "00613637b9441d07d0d1a58446c0f00a18a70b31597f168b07f58b245ae47b73": {
                "Name": "rollingaverage",
                "EndpointID": "48010f4ed5dbcc76aed24c45d619d706d7f7988c2a9850ec65e36671a6742bbe",
                "MacAddress": "02:42:ac:12:00:03",
                "IPv4Address": "172.18.0.3/16",
                "IPv6Address": ""
            },
            "015c81d4c4e69f438166c7c19517cbd1cbd437f9286f0b83e397578bf0872ba3": {
                "Name": "health",
                "EndpointID": "d50106881104f903b381cdc890eb648848f0ff8b2fb055d544949179ee86d822",
                "MacAddress": "02:42:ac:12:00:06",
                "IPv4Address": "172.18.0.6/16",
                "IPv6Address": ""
            },
            "0e4374c41092450de5d1ef5193b0cf376353ab4de40c0f3beaaf53361f41c324": {
                "Name": "opcua",
                "EndpointID": "17e4c358cb586c601a775b823f1f8430434b19f09f2b790cd12e204a6cbaa5bc",
                "MacAddress": "02:42:ac:12:00:09",
                "IPv4Address": "172.18.0.9/16",
                "IPv6Address": ""
            },
            "1678d4020be0eeb93209ccb766a593a21d5cf72374ea6d6959f664e3e8e3d64b": {
                "Name": "modbustcp",
                "EndpointID": "f69ce911d014382c5a370ed290335e0cafbbc02e2f2b26e6f8047e829544a51e",
                "MacAddress": "02:42:ac:12:00:08",
                "IPv4Address": "172.18.0.8/16",
                "IPv6Address": ""
            },
            "44fb49e207f863a04cc7003ab8265db5cc4d2475ab3ac355ccb10198b8141fd6": {
                "Name": "rulesengine",
                "EndpointID": "b82b337a9d02dc6b67267a76a1a6d6d185af6924b82ce78dbba8cf82f726d13d",
                "MacAddress": "02:42:ac:12:00:07",
                "IPv4Address": "172.18.0.7/16",
                "IPv6Address": ""
            },
            "ae6bb967b5b59349ee0c4e793b24c942dc8c2b9eadb8fbe9f337d9fce3544472": {
                "Name": "edgeHub",
                "EndpointID": "37844ba1d4f30a3d01bd4c67de21d055101ec1377fc03772a363ed494d1f4efb",
                "MacAddress": "02:42:ac:12:00:05",
                "IPv4Address": "172.18.0.5/16",
                "IPv6Address": ""
            },
            "e1a8c50f06253ccb2374f6b92bea2ebb7e22faf4a34d38d5881a0db6d29be721": {
                "Name": "edgeAgent",
                "EndpointID": "e4147f097088d9dcb743d8a7f1a5c3a064881926ab702b9df61f8c80d030e430",
                "MacAddress": "02:42:ac:12:00:02",
                "IPv4Address": "172.18.0.2/16",
                "IPv6Address": ""
            },
            "febd356eb038cdc7c0d20318065931afb58bd4bf865c5014b2db4f1d80a67f6c": {
                "Name": "SimulatedTemperatureSensor",
                "EndpointID": "7295629fbf55f53aa8a7ecf92923454ca2a5e3a3dac455feeb77c990f6ebcd4d",
                "MacAddress": "02:42:ac:12:00:04",
                "IPv4Address": "172.18.0.4/16",
                "IPv6Address": ""
            }
        },
        "Options": {},
        "Labels": {}
    }
]
