[
    {
        "Id": "ef29847e2ce112ce6a1636017855ff05f67fbbeaf9c17791747fdb3ebd13d4eb",
        "Created": "2023-10-11T07:19:19.119784235Z",
        "Path": "dotnet",
        "Args": [
            "ASCIoTAgent.dll"
        ],
        "State": {
            "Status": "running",
            "Running": true,
            "Paused": false,
            "Restarting": false,
            "OOMKilled": false,
            "Dead": false,
            "Pid": 91462,
            "ExitCode": 0,
            "Error": "",
            "StartedAt": "2023-11-03T04:20:44.583455427Z",
            "FinishedAt": "2023-11-02T05:07:45.714779334Z"
        },
        "Image": "sha256:72eb4bda2cfcb37e0dad400eb351f5f9b1195d2caf948cd609c38da14036c39b",
        "ResolvConfPath": "/var/lib/docker/containers/ef29847e2ce112ce6a1636017855ff05f67fbbeaf9c17791747fdb3ebd13d4eb/resolv.conf",
        "HostnamePath": "/var/lib/docker/containers/ef29847e2ce112ce6a1636017855ff05f67fbbeaf9c17791747fdb3ebd13d4eb/hostname",
        "HostsPath": "/var/lib/docker/containers/ef29847e2ce112ce6a1636017855ff05f67fbbeaf9c17791747fdb3ebd13d4eb/hosts",
        "LogPath": "/var/lib/docker/containers/ef29847e2ce112ce6a1636017855ff05f67fbbeaf9c17791747fdb3ebd13d4eb/ef29847e2ce112ce6a1636017855ff05f67fbbeaf9c17791747fdb3ebd13d4eb-json.log",
        "Name": "/azureiotsecurity",
        "RestartCount": 0,
        "Driver": "overlay2",
        "Platform": "linux",
        "MountLabel": "",
        "ProcessLabel": "",
        "AppArmorProfile": "unconfined",
        "ExecIDs": null,
        "HostConfig": {
            "Binds": [
                "/:/host",
                "/var/run/iotedge/workload.sock:/var/run/iotedge/workload.sock"
            ],
            "ContainerIDFile": "",
            "LogConfig": {
                "Type": "json-file",
                "Config": {}
            },
            "NetworkMode": "host",
            "PortBindings": null,
            "RestartPolicy": {
                "Name": "",
                "MaximumRetryCount": 0
            },
            "AutoRemove": false,
            "VolumeDriver": "",
            "VolumesFrom": null,
            "ConsoleSize": [
                0,
                0
            ],
            "CapAdd": null,
            "CapDrop": null,
            "CgroupnsMode": "host",
            "Dns": [],
            "DnsOptions": [],
            "DnsSearch": [],
            "ExtraHosts": null,
            "GroupAdd": null,
            "IpcMode": "private",
            "Cgroup": "",
            "Links": null,
            "OomScoreAdj": 0,
            "PidMode": "host",
            "Privileged": true,
            "PublishAllPorts": false,
            "ReadonlyRootfs": false,
            "SecurityOpt": [
                "label=disable"
            ],
            "UTSMode": "",
            "UsernsMode": "",
            "ShmSize": 67108864,
            "Runtime": "runc",
            "Isolation": "",
            "CpuShares": 0,
            "Memory": 0,
            "NanoCpus": 0,
            "CgroupParent": "",
            "BlkioWeight": 0,
            "BlkioWeightDevice": null,
            "BlkioDeviceReadBps": null,
            "BlkioDeviceWriteBps": null,
            "BlkioDeviceReadIOps": null,
            "BlkioDeviceWriteIOps": null,
            "CpuPeriod": 0,
            "CpuQuota": 0,
            "CpuRealtimePeriod": 0,
            "CpuRealtimeRuntime": 0,
            "CpusetCpus": "",
            "CpusetMems": "",
            "Devices": null,
            "DeviceCgroupRules": null,
            "DeviceRequests": null,
            "MemoryReservation": 0,
            "MemorySwap": 0,
            "MemorySwappiness": null,
            "OomKillDisable": false,
            "PidsLimit": null,
            "Ulimits": null,
            "CpuCount": 0,
            "CpuPercent": 0,
            "IOMaximumIOps": 0,
            "IOMaximumBandwidth": 0,
            "MaskedPaths": null,
            "ReadonlyPaths": null
        },
        "GraphDriver": {
            "Data": {
                "LowerDir": "/var/lib/docker/overlay2/f9aa1c34fde54492e204a630b044faf20ec3c25a71aef04e17b9f94c57f8e36c-init/diff:/var/lib/docker/overlay2/fb8ceb6b6f55633a6039746974bc5d81f17a33db2842dc9f9b71aa8fcc7a8a24/diff:/var/lib/docker/overlay2/e972fc5d01991bc4b2173782e8ba406773233f84089dfa83c0d1cbb0aa5edaea/diff:/var/lib/docker/overlay2/dbe3084c397e41c9a74756ff356ff45357c5609d34e4652503dbf9b27f7d773c/diff:/var/lib/docker/overlay2/fd9cc25941e161bded3c3226d0ec5cdd66f9c092949661598673778064e7c3fd/diff:/var/lib/docker/overlay2/9d2202f92a89b550af17389695643442047645801af42545319eabd0e824f24c/diff:/var/lib/docker/overlay2/17f6344bee684032b9dd18c487c5db42148b8a6db34f87a129aa0a38186032f2/diff:/var/lib/docker/overlay2/82d5d16536cfde4e2c068774bfcfb2eb25c5ee00f4a2983f14e490272f56df19/diff:/var/lib/docker/overlay2/f96e5af94a09fe0fe5fb29cafc696814aa259050b7ccf849f13fc22afd831168/diff:/var/lib/docker/overlay2/b11553df04e34dce12c3736583c7294df1facdb7a711fcbbc3d97ef56fe25485/diff:/var/lib/docker/overlay2/cf1dabec9832f2de4c51c2108b4490fdcc9b7d33e336646f6701a17eb9924f5e/diff:/var/lib/docker/overlay2/72582d0bd916692b0f90538b5df7347c444f46f50e291f35cf02ebd093d2f8e9/diff",
                "MergedDir": "/var/lib/docker/overlay2/f9aa1c34fde54492e204a630b044faf20ec3c25a71aef04e17b9f94c57f8e36c/merged",
                "UpperDir": "/var/lib/docker/overlay2/f9aa1c34fde54492e204a630b044faf20ec3c25a71aef04e17b9f94c57f8e36c/diff",
                "WorkDir": "/var/lib/docker/overlay2/f9aa1c34fde54492e204a630b044faf20ec3c25a71aef04e17b9f94c57f8e36c/work"
            },
            "Name": "overlay2"
        },
        "Mounts": [
            {
                "Type": "bind",
                "Source": "/",
                "Destination": "/host",
                "Mode": "",
                "RW": true,
                "Propagation": "rslave"
            },
            {
                "Type": "bind",
                "Source": "/var/run/iotedge/workload.sock",
                "Destination": "/var/run/iotedge/workload.sock",
                "Mode": "",
                "RW": true,
                "Propagation": "rprivate"
            }
        ],
        "Config": {
            "Hostname": "edgedevicetest7",
            "Domainname": "",
            "User": "",
            "AttachStdin": false,
            "AttachStdout": false,
            "AttachStderr": false,
            "Tty": false,
            "OpenStdin": false,
            "StdinOnce": false,
            "Env": [
                "IOTEDGE_APIVERSION=2019-01-30",
                "IOTEDGE_AUTHSCHEME=sasToken",
                "IOTEDGE_DEVICEID=edgedevice89",
                "IOTEDGE_GATEWAYHOSTNAME=edgedevicetest7",
                "IOTEDGE_IOTHUBHOSTNAME=vanderlende-hub-dev-001.azure-devices.net",
                "IOTEDGE_MODULEGENERATIONID=638308764025818311",
                "IOTEDGE_MODULEID=azureiotsecurity",
                "IOTEDGE_WORKLOADURI=unix:///var/run/iotedge/workload.sock",
                "RuntimeLogLevel=Information",
                "PATH=/usr/local/sbin:/usr/local/bin:/usr/sbin:/usr/bin:/sbin:/bin",
                "ASPNETCORE_URLS=http://+:80",
                "DOTNET_RUNNING_IN_CONTAINER=true",
                "DOTNET_VERSION=2.2.7"
            ],
            "Cmd": null,
            "Image": "mcr.microsoft.com/ascforiot/azureiotsecurity:1.0.1",
            "Volumes": null,
            "WorkingDir": "/app",
            "Entrypoint": [
                "dotnet",
                "ASCIoTAgent.dll"
            ],
            "OnBuild": null,
            "Labels": {
                "net.azure-devices.edge.original-image": "mcr.microsoft.com/ascforiot/azureiotsecurity:1.0.1",
                "net.azure-devices.edge.owner": "Microsoft.Azure.Devices.Edge.Agent"
            }
        },
        "NetworkSettings": {
            "Bridge": "",
            "SandboxID": "333faa5c174915c98831811aef69e8f59e78989b49bf2b8d9cd9cc3e576222c5",
            "HairpinMode": false,
            "LinkLocalIPv6Address": "",
            "LinkLocalIPv6PrefixLen": 0,
            "Ports": {},
            "SandboxKey": "/var/run/docker/netns/default",
            "SecondaryIPAddresses": null,
            "SecondaryIPv6Addresses": null,
            "EndpointID": "",
            "Gateway": "",
            "GlobalIPv6Address": "",
            "GlobalIPv6PrefixLen": 0,
            "IPAddress": "",
            "IPPrefixLen": 0,
            "IPv6Gateway": "",
            "MacAddress": "",
            "Networks": {
                "host": {
                    "IPAMConfig": null,
                    "Links": null,
                    "Aliases": null,
                    "NetworkID": "523b129fd9eca33c625d55234bc9bf2825e8595712e14be3ba5003101bef2d30",
                    "EndpointID": "0697dc5bc9f08cf83a40035f8e32b47296870b92933d8a02a97e79ae4c2a79cd",
                    "Gateway": "",
                    "IPAddress": "",
                    "IPPrefixLen": 0,
                    "IPv6Gateway": "",
                    "GlobalIPv6Address": "",
                    "GlobalIPv6PrefixLen": 0,
                    "MacAddress": "",
                    "DriverOpts": null
                }
            }
        }
    }
]
