[
    {
        "Id": "ae6bb967b5b59349ee0c4e793b24c942dc8c2b9eadb8fbe9f337d9fce3544472",
        "Created": "2023-10-11T07:19:19.858363124Z",
        "Path": "/bin/sh",
        "Args": [
            "-c",
            "echo \"$(date --utc +\"%Y-%m-%d %H:%M:%S %:z\") Starting Edge Hub\" &&     exec /usr/bin/dotnet Microsoft.Azure.Devices.Edge.Hub.Service.dll"
        ],
        "State": {
            "Status": "running",
            "Running": true,
            "Paused": false,
            "Restarting": false,
            "OOMKilled": false,
            "Dead": false,
            "Pid": 91975,
            "ExitCode": 0,
            "Error": "",
            "StartedAt": "2023-11-03T04:20:48.469036001Z",
            "FinishedAt": "2023-11-02T05:08:00.127178428Z"
        },
        "Image": "sha256:8361ca7a02fa3211950718280f70d5055e01c98f129e35227387460e67faa0ea",
        "ResolvConfPath": "/var/lib/docker/containers/ae6bb967b5b59349ee0c4e793b24c942dc8c2b9eadb8fbe9f337d9fce3544472/resolv.conf",
        "HostnamePath": "/var/lib/docker/containers/ae6bb967b5b59349ee0c4e793b24c942dc8c2b9eadb8fbe9f337d9fce3544472/hostname",
        "HostsPath": "/var/lib/docker/containers/ae6bb967b5b59349ee0c4e793b24c942dc8c2b9eadb8fbe9f337d9fce3544472/hosts",
        "LogPath": "/var/lib/docker/containers/ae6bb967b5b59349ee0c4e793b24c942dc8c2b9eadb8fbe9f337d9fce3544472/ae6bb967b5b59349ee0c4e793b24c942dc8c2b9eadb8fbe9f337d9fce3544472-json.log",
        "Name": "/edgeHub",
        "RestartCount": 0,
        "Driver": "overlay2",
        "Platform": "linux",
        "MountLabel": "",
        "ProcessLabel": "",
        "AppArmorProfile": "docker-default",
        "ExecIDs": null,
        "HostConfig": {
            "Binds": [
                "/var/run/iotedge/workload.sock:/var/run/iotedge/workload.sock"
            ],
            "ContainerIDFile": "",
            "LogConfig": {
                "Type": "json-file",
                "Config": {}
            },
            "NetworkMode": "default",
            "PortBindings": {
                "443/tcp": [
                    {
                        "HostIp": "",
                        "HostPort": "443"
                    }
                ],
                "5671/tcp": [
                    {
                        "HostIp": "",
                        "HostPort": "5671"
                    }
                ],
                "8883/tcp": [
                    {
                        "HostIp": "",
                        "HostPort": "8883"
                    }
                ]
            },
            "RestartPolicy": {
                "Name": "",
                "MaximumRetryCount": 0
            },
            "AutoRemove": false,
            "VolumeDriver": "",
            "VolumesFrom": null,
            "ConsoleSize": [
                0,
                0
            ],
            "CapAdd": null,
            "CapDrop": null,
            "CgroupnsMode": "host",
            "Dns": [],
            "DnsOptions": [],
            "DnsSearch": [],
            "ExtraHosts": null,
            "GroupAdd": null,
            "IpcMode": "private",
            "Cgroup": "",
            "Links": null,
            "OomScoreAdj": 0,
            "PidMode": "",
            "Privileged": false,
            "PublishAllPorts": false,
            "ReadonlyRootfs": false,
            "SecurityOpt": null,
            "UTSMode": "",
            "UsernsMode": "",
            "ShmSize": 67108864,
            "Runtime": "runc",
            "Isolation": "",
            "CpuShares": 0,
            "Memory": 0,
            "NanoCpus": 0,
            "CgroupParent": "",
            "BlkioWeight": 0,
            "BlkioWeightDevice": null,
            "BlkioDeviceReadBps": null,
            "BlkioDeviceWriteBps": null,
            "BlkioDeviceReadIOps": null,
            "BlkioDeviceWriteIOps": null,
            "CpuPeriod": 0,
            "CpuQuota": 0,
            "CpuRealtimePeriod": 0,
            "CpuRealtimeRuntime": 0,
            "CpusetCpus": "",
            "CpusetMems": "",
            "Devices": null,
            "DeviceCgroupRules": null,
            "DeviceRequests": null,
            "MemoryReservation": 0,
            "MemorySwap": 0,
            "MemorySwappiness": null,
            "OomKillDisable": false,
            "PidsLimit": null,
            "Ulimits": null,
            "CpuCount": 0,
            "CpuPercent": 0,
            "IOMaximumIOps": 0,
            "IOMaximumBandwidth": 0,
            "MaskedPaths": [
                "/proc/asound",
                "/proc/acpi",
                "/proc/kcore",
                "/proc/keys",
                "/proc/latency_stats",
                "/proc/timer_list",
                "/proc/timer_stats",
                "/proc/sched_debug",
                "/proc/scsi",
                "/sys/firmware"
            ],
            "ReadonlyPaths": [
                "/proc/bus",
                "/proc/fs",
                "/proc/irq",
                "/proc/sys",
                "/proc/sysrq-trigger"
            ]
        },
        "GraphDriver": {
            "Data": {
                "LowerDir": "/var/lib/docker/overlay2/f396aa81b886ad0650f33d60d9063978bb2f556b40a065038552d56067bf7244-init/diff:/var/lib/docker/overlay2/0187627af38616d14cec4332efd93e8a8d5b844cb723c7ca5c135ac1f56d48bc/diff:/var/lib/docker/overlay2/d251e185261ba8381995a01debafc18c9b62c8350b971a5e96ef9378b9a88f80/diff:/var/lib/docker/overlay2/13a55840a3da2617c5f42020420fef931c3fa50202294bd76d185adad0ca50c0/diff:/var/lib/docker/overlay2/8f5954a9fb16b7704b9bb9b5afcdeeda22ac9e325999a9fcdfef85303a7005bb/diff:/var/lib/docker/overlay2/fa582a99e605f2cafe8c98ccb89266e061f52046a27146cdbd4d3602021bc08c/diff:/var/lib/docker/overlay2/9852e39607b00c51e76ee14c796dd2916a27052b3d7252cae8ff66d50001900a/diff:/var/lib/docker/overlay2/20bbe6f46f78244c02e52d23bd054abdce451a991c1c966e2fcf3fbc94d600f7/diff:/var/lib/docker/overlay2/90b2b1a6bb9da7d072f6d06cd3a73ba0cb4aba5066e5587e6ffb21d0d64ab073/diff:/var/lib/docker/overlay2/8ed5b24b0ab7dac6ed672d1ff67f2c1692204e7ae591833922965446dd43f832/diff:/var/lib/docker/overlay2/5c8e09f4eb3ac392ee6ff414baa9b9fe7c889b6cf90ba9b6acde8faa59f5dfbc/diff",
                "MergedDir": "/var/lib/docker/overlay2/f396aa81b886ad0650f33d60d9063978bb2f556b40a065038552d56067bf7244/merged",
                "UpperDir": "/var/lib/docker/overlay2/f396aa81b886ad0650f33d60d9063978bb2f556b40a065038552d56067bf7244/diff",
                "WorkDir": "/var/lib/docker/overlay2/f396aa81b886ad0650f33d60d9063978bb2f556b40a065038552d56067bf7244/work"
            },
            "Name": "overlay2"
        },
        "Mounts": [
            {
                "Type": "bind",
                "Source": "/var/run/iotedge/workload.sock",
                "Destination": "/var/run/iotedge/workload.sock",
                "Mode": "",
                "RW": true,
                "Propagation": "rprivate"
            }
        ],
        "Config": {
            "Hostname": "ae6bb967b5b5",
            "Domainname": "",
            "User": "edgehubuser",
            "AttachStdin": false,
            "AttachStdout": false,
            "AttachStderr": false,
            "ExposedPorts": {
                "443/tcp": {},
                "5671/tcp": {},
                "8883/tcp": {}
            },
            "Tty": false,
            "OpenStdin": false,
            "StdinOnce": false,
            "Env": [
                "EdgeDeviceHostName=edgedevicetest7",
                "IOTEDGE_APIVERSION=2019-01-30",
                "IOTEDGE_AUTHSCHEME=sasToken",
                "IOTEDGE_DEVICEID=edgedevice89",
                "IOTEDGE_IOTHUBHOSTNAME=vanderlende-hub-dev-001.azure-devices.net",
                "IOTEDGE_MODULEGENERATIONID=638308764011131336",
                "IOTEDGE_MODULEID=$edgeHub",
                "IOTEDGE_WORKLOADURI=unix:///var/run/iotedge/workload.sock",
                "RuntimeLogLevel=Information",
                "PATH=/usr/local/sbin:/usr/local/bin:/usr/sbin:/usr/bin:/sbin:/bin",
                "ASPNETCORE_URLS=http://+:80",
                "DOTNET_RUNNING_IN_CONTAINER=true",
                "DOTNET_SYSTEM_GLOBALIZATION_INVARIANT=true"
            ],
            "Cmd": [
                "/bin/sh",
                "-c",
                "echo \"$(date --utc +\"%Y-%m-%d %H:%M:%S %:z\") Starting Edge Hub\" &&     exec /usr/bin/dotnet Microsoft.Azure.Devices.Edge.Hub.Service.dll"
            ],
            "Image": "mcr.microsoft.com/azureiotedge-hub:1.0",
            "Volumes": null,
            "WorkingDir": "/app",
            "Entrypoint": null,
            "OnBuild": null,
            "Labels": {
                "net.azure-devices.edge.original-image": "mcr.microsoft.com/azureiotedge-hub:1.0",
                "net.azure-devices.edge.owner": "Microsoft.Azure.Devices.Edge.Agent"
            }
        },
        "NetworkSettings": {
            "Bridge": "",
            "SandboxID": "b2e3fd166e3194967cf872985479bf092e08474fc2245935fa9dd5110887535f",
            "HairpinMode": false,
            "LinkLocalIPv6Address": "",
            "LinkLocalIPv6PrefixLen": 0,
            "Ports": {
                "443/tcp": [
                    {
                        "HostIp": "0.0.0.0",
                        "HostPort": "443"
                    },
                    {
                        "HostIp": "::",
                        "HostPort": "443"
                    }
                ],
                "5671/tcp": [
                    {
                        "HostIp": "0.0.0.0",
                        "HostPort": "5671"
                    },
                    {
                        "HostIp": "::",
                        "HostPort": "5671"
                    }
                ],
                "8883/tcp": [
                    {
                        "HostIp": "0.0.0.0",
                        "HostPort": "8883"
                    },
                    {
                        "HostIp": "::",
                        "HostPort": "8883"
                    }
                ]
            },
            "SandboxKey": "/var/run/docker/netns/b2e3fd166e31",
            "SecondaryIPAddresses": null,
            "SecondaryIPv6Addresses": null,
            "EndpointID": "",
            "Gateway": "",
            "GlobalIPv6Address": "",
            "GlobalIPv6PrefixLen": 0,
            "IPAddress": "",
            "IPPrefixLen": 0,
            "IPv6Gateway": "",
            "MacAddress": "",
            "Networks": {
                "azure-iot-edge": {
                    "IPAMConfig": null,
                    "Links": null,
                    "Aliases": [
                        "edgedevicetest7",
                        "ae6bb967b5b5"
                    ],
                    "NetworkID": "0d9a3236f35e0511254401a85122b7cacf06972c3c8e8f75fafe80e0a5e62c6b",
                    "EndpointID": "37844ba1d4f30a3d01bd4c67de21d055101ec1377fc03772a363ed494d1f4efb",
                    "Gateway": "172.18.0.1",
                    "IPAddress": "172.18.0.5",
                    "IPPrefixLen": 16,
                    "IPv6Gateway": "",
                    "GlobalIPv6Address": "",
                    "GlobalIPv6PrefixLen": 0,
                    "MacAddress": "02:42:ac:12:00:05",
                    "DriverOpts": null
                }
            }
        }
    }
]
