[
    {
        "Id": "1678d4020be0eeb93209ccb766a593a21d5cf72374ea6d6959f664e3e8e3d64b",
        "Created": "2023-10-11T07:19:16.869182722Z",
        "Path": "docker-entrypoint.sh",
        "Args": [
            "node",
            "app.js"
        ],
        "State": {
            "Status": "running",
            "Running": true,
            "Paused": false,
            "Restarting": false,
            "OOMKilled": false,
            "Dead": false,
            "Pid": 94713,
            "ExitCode": 0,
            "Error": "",
            "StartedAt": "2023-11-03T04:25:54.166371639Z",
            "FinishedAt": "2023-11-03T04:20:50.232174462Z"
        },
        "Image": "sha256:0c75fa43352c51280fc16f4e9dd9a9b7d56663b14f436fa89bd77fc72034b403",
        "ResolvConfPath": "/var/lib/docker/containers/1678d4020be0eeb93209ccb766a593a21d5cf72374ea6d6959f664e3e8e3d64b/resolv.conf",
        "HostnamePath": "/var/lib/docker/containers/1678d4020be0eeb93209ccb766a593a21d5cf72374ea6d6959f664e3e8e3d64b/hostname",
        "HostsPath": "/var/lib/docker/containers/1678d4020be0eeb93209ccb766a593a21d5cf72374ea6d6959f664e3e8e3d64b/hosts",
        "LogPath": "/var/lib/docker/containers/1678d4020be0eeb93209ccb766a593a21d5cf72374ea6d6959f664e3e8e3d64b/1678d4020be0eeb93209ccb766a593a21d5cf72374ea6d6959f664e3e8e3d64b-json.log",
        "Name": "/modbustcp",
        "RestartCount": 0,
        "Driver": "overlay2",
        "Platform": "linux",
        "MountLabel": "",
        "ProcessLabel": "",
        "AppArmorProfile": "docker-default",
        "ExecIDs": null,
        "HostConfig": {
            "Binds": [
                "/var/run/iotedge/workload.sock:/var/run/iotedge/workload.sock"
            ],
            "ContainerIDFile": "",
            "LogConfig": {
                "Type": "json-file",
                "Config": {}
            },
            "NetworkMode": "default",
            "PortBindings": null,
            "RestartPolicy": {
                "Name": "",
                "MaximumRetryCount": 0
            },
            "AutoRemove": false,
            "VolumeDriver": "",
            "VolumesFrom": null,
            "ConsoleSize": [
                0,
                0
            ],
            "CapAdd": null,
            "CapDrop": null,
            "CgroupnsMode": "host",
            "Dns": [],
            "DnsOptions": [],
            "DnsSearch": [],
            "ExtraHosts": null,
            "GroupAdd": null,
            "IpcMode": "private",
            "Cgroup": "",
            "Links": null,
            "OomScoreAdj": 0,
            "PidMode": "",
            "Privileged": false,
            "PublishAllPorts": false,
            "ReadonlyRootfs": false,
            "SecurityOpt": null,
            "UTSMode": "",
            "UsernsMode": "",
            "ShmSize": 67108864,
            "Runtime": "runc",
            "Isolation": "",
            "CpuShares": 0,
            "Memory": 0,
            "NanoCpus": 0,
            "CgroupParent": "",
            "BlkioWeight": 0,
            "BlkioWeightDevice": null,
            "BlkioDeviceReadBps": null,
            "BlkioDeviceWriteBps": null,
            "BlkioDeviceReadIOps": null,
            "BlkioDeviceWriteIOps": null,
            "CpuPeriod": 0,
            "CpuQuota": 0,
            "CpuRealtimePeriod": 0,
            "CpuRealtimeRuntime": 0,
            "CpusetCpus": "",
            "CpusetMems": "",
            "Devices": null,
            "DeviceCgroupRules": null,
            "DeviceRequests": null,
            "MemoryReservation": 0,
            "MemorySwap": 0,
            "MemorySwappiness": null,
            "OomKillDisable": false,
            "PidsLimit": null,
            "Ulimits": null,
            "CpuCount": 0,
            "CpuPercent": 0,
            "IOMaximumIOps": 0,
            "IOMaximumBandwidth": 0,
            "MaskedPaths": [
                "/proc/asound",
                "/proc/acpi",
                "/proc/kcore",
                "/proc/keys",
                "/proc/latency_stats",
                "/proc/timer_list",
                "/proc/timer_stats",
                "/proc/sched_debug",
                "/proc/scsi",
                "/sys/firmware"
            ],
            "ReadonlyPaths": [
                "/proc/bus",
                "/proc/fs",
                "/proc/irq",
                "/proc/sys",
                "/proc/sysrq-trigger"
            ]
        },
        "GraphDriver": {
            "Data": {
                "LowerDir": "/var/lib/docker/overlay2/2d4ff9c34d0e3f735581502d2c1ad8a4e9b299d0bd9dbec64cccd4ea94395d7f-init/diff:/var/lib/docker/overlay2/4f478e7a249c0e446b4f46612f96343b1dce30e587ebb5cfe75605c9df6d401c/diff:/var/lib/docker/overlay2/bb0782894a04dd667d6649f3d606b587ac0bf58f434033f88c3b973d51197770/diff:/var/lib/docker/overlay2/1d21bd2501cdd75153d658dd942076e5726f5940ff65fb9670cd8a036706ae31/diff:/var/lib/docker/overlay2/d2aab1048e98096b7efabc0533e17407326b44d8ffc759522e9d016d6414ccd3/diff:/var/lib/docker/overlay2/f2be77abfed6758aa3814d33d490565d788646f588e2bf8171779729f5fce66e/diff:/var/lib/docker/overlay2/fd8770e18680e4bd637c4d1fc363eedab284a8cf2bea209edcb33ff4f06442d0/diff:/var/lib/docker/overlay2/20e3a95ffb3f63b94a214fdd8511d32cba69c29e5b18ad2dd6452b8c9cad5742/diff:/var/lib/docker/overlay2/5c8e09f4eb3ac392ee6ff414baa9b9fe7c889b6cf90ba9b6acde8faa59f5dfbc/diff",
                "MergedDir": "/var/lib/docker/overlay2/2d4ff9c34d0e3f735581502d2c1ad8a4e9b299d0bd9dbec64cccd4ea94395d7f/merged",
                "UpperDir": "/var/lib/docker/overlay2/2d4ff9c34d0e3f735581502d2c1ad8a4e9b299d0bd9dbec64cccd4ea94395d7f/diff",
                "WorkDir": "/var/lib/docker/overlay2/2d4ff9c34d0e3f735581502d2c1ad8a4e9b299d0bd9dbec64cccd4ea94395d7f/work"
            },
            "Name": "overlay2"
        },
        "Mounts": [
            {
                "Type": "bind",
                "Source": "/var/run/iotedge/workload.sock",
                "Destination": "/var/run/iotedge/workload.sock",
                "Mode": "",
                "RW": true,
                "Propagation": "rprivate"
            }
        ],
        "Config": {
            "Hostname": "1678d4020be0",
            "Domainname": "",
            "User": "node",
            "AttachStdin": false,
            "AttachStdout": false,
            "AttachStderr": false,
            "Tty": false,
            "OpenStdin": false,
            "StdinOnce": false,
            "Env": [
                "IOTEDGE_APIVERSION=2019-01-30",
                "IOTEDGE_AUTHSCHEME=sasToken",
                "IOTEDGE_DEVICEID=edgedevice89",
                "IOTEDGE_GATEWAYHOSTNAME=edgedevicetest7",
                "IOTEDGE_IOTHUBHOSTNAME=vanderlende-hub-dev-001.azure-devices.net",
                "IOTEDGE_MODULEGENERATIONID=638308764026287504",
                "IOTEDGE_MODULEID=modbustcp",
                "IOTEDGE_WORKLOADURI=unix:///var/run/iotedge/workload.sock",
                "RuntimeLogLevel=Information",
                "PATH=/usr/local/sbin:/usr/local/bin:/usr/sbin:/usr/bin:/sbin:/bin",
                "NODE_VERSION=10.21.0",
                "YARN_VERSION=1.22.4"
            ],
            "Cmd": [
                "node",
                "app.js"
            ],
            "Image": "edgemanagementimagecontainer.azurecr.io/modbustcp:0.2",
            "Volumes": null,
            "WorkingDir": "/app",
            "Entrypoint": [
                "docker-entrypoint.sh"
            ],
            "OnBuild": null,
            "Labels": {
                "net.azure-devices.edge.original-image": "edgemanagementimagecontainer.azurecr.io/modbustcp:0.2",
                "net.azure-devices.edge.owner": "Microsoft.Azure.Devices.Edge.Agent"
            }
        },
        "NetworkSettings": {
            "Bridge": "",
            "SandboxID": "ae8717d108e195eb31b5581d04ddf438c408ecf2477aafca2da26547f9ba97df",
            "HairpinMode": false,
            "LinkLocalIPv6Address": "",
            "LinkLocalIPv6PrefixLen": 0,
            "Ports": {},
            "SandboxKey": "/var/run/docker/netns/ae8717d108e1",
            "SecondaryIPAddresses": null,
            "SecondaryIPv6Addresses": null,
            "EndpointID": "",
            "Gateway": "",
            "GlobalIPv6Address": "",
            "GlobalIPv6PrefixLen": 0,
            "IPAddress": "",
            "IPPrefixLen": 0,
            "IPv6Gateway": "",
            "MacAddress": "",
            "Networks": {
                "azure-iot-edge": {
                    "IPAMConfig": null,
                    "Links": null,
                    "Aliases": [
                        "1678d4020be0"
                    ],
                    "NetworkID": "0d9a3236f35e0511254401a85122b7cacf06972c3c8e8f75fafe80e0a5e62c6b",
                    "EndpointID": "f69ce911d014382c5a370ed290335e0cafbbc02e2f2b26e6f8047e829544a51e",
                    "Gateway": "172.18.0.1",
                    "IPAddress": "172.18.0.8",
                    "IPPrefixLen": 16,
                    "IPv6Gateway": "",
                    "GlobalIPv6Address": "",
                    "GlobalIPv6PrefixLen": 0,
                    "MacAddress": "02:42:ac:12:00:08",
                    "DriverOpts": null
                }
            }
        }
    }
]
