[
    {
        "Id": "0e4374c41092450de5d1ef5193b0cf376353ab4de40c0f3beaaf53361f41c324",
        "Created": "2023-10-11T07:19:07.388533184Z",
        "Path": "docker-entrypoint.sh",
        "Args": [
            "node",
            "app.js"
        ],
        "State": {
            "Status": "running",
            "Running": true,
            "Paused": false,
            "Restarting": false,
            "OOMKilled": false,
            "Dead": false,
            "Pid": 94848,
            "ExitCode": 0,
            "Error": "",
            "StartedAt": "2023-11-03T04:25:55.073608302Z",
            "FinishedAt": "2023-11-03T04:20:53.053970507Z"
        },
        "Image": "sha256:6681522c1a7811036fb92a19128ebf9118eb6e2b8ef913c80b50316224d95061",
        "ResolvConfPath": "/var/lib/docker/containers/0e4374c41092450de5d1ef5193b0cf376353ab4de40c0f3beaaf53361f41c324/resolv.conf",
        "HostnamePath": "/var/lib/docker/containers/0e4374c41092450de5d1ef5193b0cf376353ab4de40c0f3beaaf53361f41c324/hostname",
        "HostsPath": "/var/lib/docker/containers/0e4374c41092450de5d1ef5193b0cf376353ab4de40c0f3beaaf53361f41c324/hosts",
        "LogPath": "/var/lib/docker/containers/0e4374c41092450de5d1ef5193b0cf376353ab4de40c0f3beaaf53361f41c324/0e4374c41092450de5d1ef5193b0cf376353ab4de40c0f3beaaf53361f41c324-json.log",
        "Name": "/opcua",
        "RestartCount": 0,
        "Driver": "overlay2",
        "Platform": "linux",
        "MountLabel": "",
        "ProcessLabel": "",
        "AppArmorProfile": "docker-default",
        "ExecIDs": null,
        "HostConfig": {
            "Binds": [
                "/var/run/iotedge/workload.sock:/var/run/iotedge/workload.sock"
            ],
            "ContainerIDFile": "",
            "LogConfig": {
                "Type": "json-file",
                "Config": {}
            },
            "NetworkMode": "default",
            "PortBindings": null,
            "RestartPolicy": {
                "Name": "",
                "MaximumRetryCount": 0
            },
            "AutoRemove": false,
            "VolumeDriver": "",
            "VolumesFrom": null,
            "ConsoleSize": [
                0,
                0
            ],
            "CapAdd": null,
            "CapDrop": null,
            "CgroupnsMode": "host",
            "Dns": [],
            "DnsOptions": [],
            "DnsSearch": [],
            "ExtraHosts": null,
            "GroupAdd": null,
            "IpcMode": "private",
            "Cgroup": "",
            "Links": null,
            "OomScoreAdj": 0,
            "PidMode": "",
            "Privileged": false,
            "PublishAllPorts": false,
            "ReadonlyRootfs": false,
            "SecurityOpt": null,
            "UTSMode": "",
            "UsernsMode": "",
            "ShmSize": 67108864,
            "Runtime": "runc",
            "Isolation": "",
            "CpuShares": 0,
            "Memory": 0,
            "NanoCpus": 0,
            "CgroupParent": "",
            "BlkioWeight": 0,
            "BlkioWeightDevice": null,
            "BlkioDeviceReadBps": null,
            "BlkioDeviceWriteBps": null,
            "BlkioDeviceReadIOps": null,
            "BlkioDeviceWriteIOps": null,
            "CpuPeriod": 0,
            "CpuQuota": 0,
            "CpuRealtimePeriod": 0,
            "CpuRealtimeRuntime": 0,
            "CpusetCpus": "",
            "CpusetMems": "",
            "Devices": null,
            "DeviceCgroupRules": null,
            "DeviceRequests": null,
            "MemoryReservation": 0,
            "MemorySwap": 0,
            "MemorySwappiness": null,
            "OomKillDisable": false,
            "PidsLimit": null,
            "Ulimits": null,
            "CpuCount": 0,
            "CpuPercent": 0,
            "IOMaximumIOps": 0,
            "IOMaximumBandwidth": 0,
            "MaskedPaths": [
                "/proc/asound",
                "/proc/acpi",
                "/proc/kcore",
                "/proc/keys",
                "/proc/latency_stats",
                "/proc/timer_list",
                "/proc/timer_stats",
                "/proc/sched_debug",
                "/proc/scsi",
                "/sys/firmware"
            ],
            "ReadonlyPaths": [
                "/proc/bus",
                "/proc/fs",
                "/proc/irq",
                "/proc/sys",
                "/proc/sysrq-trigger"
            ]
        },
        "GraphDriver": {
            "Data": {
                "LowerDir": "/var/lib/docker/overlay2/52ef5d5c5e90bc8b4a25cda70adf9c3179bae3e729a2ffc12fe07fd674fb54eb-init/diff:/var/lib/docker/overlay2/9e3009384ea341f2558ab87f27121b1a61d0605fbcb3e779a8750fd71bbc75a0/diff:/var/lib/docker/overlay2/9b01a4270bfe7dda74a9bd1f79bf3b3b66b0836ebe38df7f8e754194463644a8/diff:/var/lib/docker/overlay2/80e79b70e8e740d423fb9dcc01ff62326a0c4c905110cd200cec70cdff1a2bca/diff:/var/lib/docker/overlay2/d2aab1048e98096b7efabc0533e17407326b44d8ffc759522e9d016d6414ccd3/diff:/var/lib/docker/overlay2/f2be77abfed6758aa3814d33d490565d788646f588e2bf8171779729f5fce66e/diff:/var/lib/docker/overlay2/fd8770e18680e4bd637c4d1fc363eedab284a8cf2bea209edcb33ff4f06442d0/diff:/var/lib/docker/overlay2/20e3a95ffb3f63b94a214fdd8511d32cba69c29e5b18ad2dd6452b8c9cad5742/diff:/var/lib/docker/overlay2/5c8e09f4eb3ac392ee6ff414baa9b9fe7c889b6cf90ba9b6acde8faa59f5dfbc/diff",
                "MergedDir": "/var/lib/docker/overlay2/52ef5d5c5e90bc8b4a25cda70adf9c3179bae3e729a2ffc12fe07fd674fb54eb/merged",
                "UpperDir": "/var/lib/docker/overlay2/52ef5d5c5e90bc8b4a25cda70adf9c3179bae3e729a2ffc12fe07fd674fb54eb/diff",
                "WorkDir": "/var/lib/docker/overlay2/52ef5d5c5e90bc8b4a25cda70adf9c3179bae3e729a2ffc12fe07fd674fb54eb/work"
            },
            "Name": "overlay2"
        },
        "Mounts": [
            {
                "Type": "bind",
                "Source": "/var/run/iotedge/workload.sock",
                "Destination": "/var/run/iotedge/workload.sock",
                "Mode": "",
                "RW": true,
                "Propagation": "rprivate"
            }
        ],
        "Config": {
            "Hostname": "0e4374c41092",
            "Domainname": "",
            "User": "",
            "AttachStdin": false,
            "AttachStdout": false,
            "AttachStderr": false,
            "Tty": false,
            "OpenStdin": false,
            "StdinOnce": false,
            "Env": [
                "IOTEDGE_APIVERSION=2019-01-30",
                "IOTEDGE_AUTHSCHEME=sasToken",
                "IOTEDGE_DEVICEID=edgedevice89",
                "IOTEDGE_GATEWAYHOSTNAME=edgedevicetest7",
                "IOTEDGE_IOTHUBHOSTNAME=vanderlende-hub-dev-001.azure-devices.net",
                "IOTEDGE_MODULEGENERATIONID=638308764026756320",
                "IOTEDGE_MODULEID=opcua",
                "IOTEDGE_WORKLOADURI=unix:///var/run/iotedge/workload.sock",
                "RuntimeLogLevel=Information",
                "PATH=/usr/local/sbin:/usr/local/bin:/usr/sbin:/usr/bin:/sbin:/bin",
                "NODE_VERSION=10.21.0",
                "YARN_VERSION=1.22.4"
            ],
            "Cmd": [
                "node",
                "app.js"
            ],
            "Image": "edgemanagementimagecontainer.azurecr.io/opcua:0.14",
            "Volumes": null,
            "WorkingDir": "/app",
            "Entrypoint": [
                "docker-entrypoint.sh"
            ],
            "OnBuild": null,
            "Labels": {
                "net.azure-devices.edge.original-image": "edgemanagementimagecontainer.azurecr.io/opcua:0.14",
                "net.azure-devices.edge.owner": "Microsoft.Azure.Devices.Edge.Agent"
            }
        },
        "NetworkSettings": {
            "Bridge": "",
            "SandboxID": "284ca3f4ec0dbaf29ba49805f474cd13711e8a680f9030370608c3d5d34bc822",
            "HairpinMode": false,
            "LinkLocalIPv6Address": "",
            "LinkLocalIPv6PrefixLen": 0,
            "Ports": {},
            "SandboxKey": "/var/run/docker/netns/284ca3f4ec0d",
            "SecondaryIPAddresses": null,
            "SecondaryIPv6Addresses": null,
            "EndpointID": "",
            "Gateway": "",
            "GlobalIPv6Address": "",
            "GlobalIPv6PrefixLen": 0,
            "IPAddress": "",
            "IPPrefixLen": 0,
            "IPv6Gateway": "",
            "MacAddress": "",
            "Networks": {
                "azure-iot-edge": {
                    "IPAMConfig": null,
                    "Links": null,
                    "Aliases": [
                        "0e4374c41092"
                    ],
                    "NetworkID": "0d9a3236f35e0511254401a85122b7cacf06972c3c8e8f75fafe80e0a5e62c6b",
                    "EndpointID": "17e4c358cb586c601a775b823f1f8430434b19f09f2b790cd12e204a6cbaa5bc",
                    "Gateway": "172.18.0.1",
                    "IPAddress": "172.18.0.9",
                    "IPPrefixLen": 16,
                    "IPv6Gateway": "",
                    "GlobalIPv6Address": "",
                    "GlobalIPv6PrefixLen": 0,
                    "MacAddress": "02:42:ac:12:00:09",
                    "DriverOpts": null
                }
            }
        }
    }
]
