[
    {
        "Id": "44fb49e207f863a04cc7003ab8265db5cc4d2475ab3ac355ccb10198b8141fd6",
        "Created": "2023-10-11T07:19:15.470478749Z",
        "Path": "docker-entrypoint.sh",
        "Args": [
            "node",
            "app.js"
        ],
        "State": {
            "Status": "running",
            "Running": true,
            "Paused": false,
            "Restarting": false,
            "OOMKilled": false,
            "Dead": false,
            "Pid": 157644,
            "ExitCode": 0,
            "Error": "",
            "StartedAt": "2023-11-03T07:28:10.67716059Z",
            "FinishedAt": "2023-11-03T07:27:59.149323753Z"
        },
        "Image": "sha256:4aa7d70d0283a5476f8e74e59ce22dccc6d0672393d24940dd8f9ec727d66f17",
        "ResolvConfPath": "/var/lib/docker/containers/44fb49e207f863a04cc7003ab8265db5cc4d2475ab3ac355ccb10198b8141fd6/resolv.conf",
        "HostnamePath": "/var/lib/docker/containers/44fb49e207f863a04cc7003ab8265db5cc4d2475ab3ac355ccb10198b8141fd6/hostname",
        "HostsPath": "/var/lib/docker/containers/44fb49e207f863a04cc7003ab8265db5cc4d2475ab3ac355ccb10198b8141fd6/hosts",
        "LogPath": "/var/lib/docker/containers/44fb49e207f863a04cc7003ab8265db5cc4d2475ab3ac355ccb10198b8141fd6/44fb49e207f863a04cc7003ab8265db5cc4d2475ab3ac355ccb10198b8141fd6-json.log",
        "Name": "/rulesengine",
        "RestartCount": 0,
        "Driver": "overlay2",
        "Platform": "linux",
        "MountLabel": "",
        "ProcessLabel": "",
        "AppArmorProfile": "docker-default",
        "ExecIDs": null,
        "HostConfig": {
            "Binds": [
                "/var/run/iotedge/workload.sock:/var/run/iotedge/workload.sock"
            ],
            "ContainerIDFile": "",
            "LogConfig": {
                "Type": "json-file",
                "Config": {}
            },
            "NetworkMode": "default",
            "PortBindings": null,
            "RestartPolicy": {
                "Name": "",
                "MaximumRetryCount": 0
            },
            "AutoRemove": false,
            "VolumeDriver": "",
            "VolumesFrom": null,
            "ConsoleSize": [
                0,
                0
            ],
            "CapAdd": null,
            "CapDrop": null,
            "CgroupnsMode": "host",
            "Dns": [],
            "DnsOptions": [],
            "DnsSearch": [],
            "ExtraHosts": null,
            "GroupAdd": null,
            "IpcMode": "private",
            "Cgroup": "",
            "Links": null,
            "OomScoreAdj": 0,
            "PidMode": "",
            "Privileged": false,
            "PublishAllPorts": false,
            "ReadonlyRootfs": false,
            "SecurityOpt": null,
            "UTSMode": "",
            "UsernsMode": "",
            "ShmSize": 67108864,
            "Runtime": "runc",
            "Isolation": "",
            "CpuShares": 0,
            "Memory": 0,
            "NanoCpus": 0,
            "CgroupParent": "",
            "BlkioWeight": 0,
            "BlkioWeightDevice": null,
            "BlkioDeviceReadBps": null,
            "BlkioDeviceWriteBps": null,
            "BlkioDeviceReadIOps": null,
            "BlkioDeviceWriteIOps": null,
            "CpuPeriod": 0,
            "CpuQuota": 0,
            "CpuRealtimePeriod": 0,
            "CpuRealtimeRuntime": 0,
            "CpusetCpus": "",
            "CpusetMems": "",
            "Devices": null,
            "DeviceCgroupRules": null,
            "DeviceRequests": null,
            "MemoryReservation": 0,
            "MemorySwap": 0,
            "MemorySwappiness": null,
            "OomKillDisable": false,
            "PidsLimit": null,
            "Ulimits": null,
            "CpuCount": 0,
            "CpuPercent": 0,
            "IOMaximumIOps": 0,
            "IOMaximumBandwidth": 0,
            "MaskedPaths": [
                "/proc/asound",
                "/proc/acpi",
                "/proc/kcore",
                "/proc/keys",
                "/proc/latency_stats",
                "/proc/timer_list",
                "/proc/timer_stats",
                "/proc/sched_debug",
                "/proc/scsi",
                "/sys/firmware"
            ],
            "ReadonlyPaths": [
                "/proc/bus",
                "/proc/fs",
                "/proc/irq",
                "/proc/sys",
                "/proc/sysrq-trigger"
            ]
        },
        "GraphDriver": {
            "Data": {
                "LowerDir": "/var/lib/docker/overlay2/4949a7d0c3603b40cfaf55547ead6954d93e3f07f361fc060bf51fe427805bf5-init/diff:/var/lib/docker/overlay2/42cd508d98d136215e239ded729bf99ceced9c447c145f9c2a4afb378dbb3ca8/diff:/var/lib/docker/overlay2/d76b524332fb598aee09bc5809406fb285b3294e354d0ad2a411592b85ce42c8/diff:/var/lib/docker/overlay2/02ed978102c58f1834b7afe1e6354b8b72a9b21610231477532417fd62288ab5/diff:/var/lib/docker/overlay2/d2aab1048e98096b7efabc0533e17407326b44d8ffc759522e9d016d6414ccd3/diff:/var/lib/docker/overlay2/f2be77abfed6758aa3814d33d490565d788646f588e2bf8171779729f5fce66e/diff:/var/lib/docker/overlay2/fd8770e18680e4bd637c4d1fc363eedab284a8cf2bea209edcb33ff4f06442d0/diff:/var/lib/docker/overlay2/20e3a95ffb3f63b94a214fdd8511d32cba69c29e5b18ad2dd6452b8c9cad5742/diff:/var/lib/docker/overlay2/5c8e09f4eb3ac392ee6ff414baa9b9fe7c889b6cf90ba9b6acde8faa59f5dfbc/diff",
                "MergedDir": "/var/lib/docker/overlay2/4949a7d0c3603b40cfaf55547ead6954d93e3f07f361fc060bf51fe427805bf5/merged",
                "UpperDir": "/var/lib/docker/overlay2/4949a7d0c3603b40cfaf55547ead6954d93e3f07f361fc060bf51fe427805bf5/diff",
                "WorkDir": "/var/lib/docker/overlay2/4949a7d0c3603b40cfaf55547ead6954d93e3f07f361fc060bf51fe427805bf5/work"
            },
            "Name": "overlay2"
        },
        "Mounts": [
            {
                "Type": "bind",
                "Source": "/var/run/iotedge/workload.sock",
                "Destination": "/var/run/iotedge/workload.sock",
                "Mode": "",
                "RW": true,
                "Propagation": "rprivate"
            }
        ],
        "Config": {
            "Hostname": "44fb49e207f8",
            "Domainname": "",
            "User": "",
            "AttachStdin": false,
            "AttachStdout": false,
            "AttachStderr": false,
            "Tty": false,
            "OpenStdin": false,
            "StdinOnce": false,
            "Env": [
                "IOTEDGE_APIVERSION=2019-01-30",
                "IOTEDGE_AUTHSCHEME=sasToken",
                "IOTEDGE_DEVICEID=edgedevice89",
                "IOTEDGE_GATEWAYHOSTNAME=edgedevicetest7",
                "IOTEDGE_IOTHUBHOSTNAME=vanderlende-hub-dev-001.azure-devices.net",
                "IOTEDGE_MODULEGENERATIONID=638326045350675863",
                "IOTEDGE_MODULEID=rulesengine",
                "IOTEDGE_WORKLOADURI=unix:///var/run/iotedge/workload.sock",
                "RuntimeLogLevel=Information",
                "PATH=/usr/local/sbin:/usr/local/bin:/usr/sbin:/usr/bin:/sbin:/bin",
                "NODE_VERSION=10.21.0",
                "YARN_VERSION=1.22.4"
            ],
            "Cmd": [
                "node",
                "app.js"
            ],
            "Image": "edgemanagementimagecontainer.azurecr.io/rulesengine:0.15",
            "Volumes": null,
            "WorkingDir": "/app",
            "Entrypoint": [
                "docker-entrypoint.sh"
            ],
            "OnBuild": null,
            "Labels": {
                "net.azure-devices.edge.original-image": "edgemanagementimagecontainer.azurecr.io/rulesengine:0.15",
                "net.azure-devices.edge.owner": "Microsoft.Azure.Devices.Edge.Agent"
            }
        },
        "NetworkSettings": {
            "Bridge": "",
            "SandboxID": "280067986c2dfa397b27db32b603804972c37733afd889f47aa4db016c1701be",
            "HairpinMode": false,
            "LinkLocalIPv6Address": "",
            "LinkLocalIPv6PrefixLen": 0,
            "Ports": {},
            "SandboxKey": "/var/run/docker/netns/280067986c2d",
            "SecondaryIPAddresses": null,
            "SecondaryIPv6Addresses": null,
            "EndpointID": "",
            "Gateway": "",
            "GlobalIPv6Address": "",
            "GlobalIPv6PrefixLen": 0,
            "IPAddress": "",
            "IPPrefixLen": 0,
            "IPv6Gateway": "",
            "MacAddress": "",
            "Networks": {
                "azure-iot-edge": {
                    "IPAMConfig": null,
                    "Links": null,
                    "Aliases": [
                        "44fb49e207f8"
                    ],
                    "NetworkID": "0d9a3236f35e0511254401a85122b7cacf06972c3c8e8f75fafe80e0a5e62c6b",
                    "EndpointID": "b82b337a9d02dc6b67267a76a1a6d6d185af6924b82ce78dbba8cf82f726d13d",
                    "Gateway": "172.18.0.1",
                    "IPAddress": "172.18.0.7",
                    "IPPrefixLen": 16,
                    "IPv6Gateway": "",
                    "GlobalIPv6Address": "",
                    "GlobalIPv6PrefixLen": 0,
                    "MacAddress": "02:42:ac:12:00:07",
                    "DriverOpts": null
                }
            }
        }
    }
]
