[
    {
        "Id": "febd356eb038cdc7c0d20318065931afb58bd4bf865c5014b2db4f1d80a67f6c",
        "Created": "2023-10-26T09:34:31.649829958Z",
        "Path": "/bin/sh",
        "Args": [
            "-c",
            "echo \"$(date --utc +\"[%Y-%m-%d %H:%M:%S %:z]\"): Starting Module\" &&     exec /usr/bin/dotnet SimulatedTemperatureSensor.dll"
        ],
        "State": {
            "Status": "running",
            "Running": true,
            "Paused": false,
            "Restarting": false,
            "OOMKilled": false,
            "Dead": false,
            "Pid": 91824,
            "ExitCode": 0,
            "Error": "",
            "StartedAt": "2023-11-03T04:20:47.269599136Z",
            "FinishedAt": "2023-11-02T05:07:45.82560819Z"
        },
        "Image": "sha256:148f28a838f79a588c5fdd5e945a26f6f08abf65385f44e154c427869b79c627",
        "ResolvConfPath": "/var/lib/docker/containers/febd356eb038cdc7c0d20318065931afb58bd4bf865c5014b2db4f1d80a67f6c/resolv.conf",
        "HostnamePath": "/var/lib/docker/containers/febd356eb038cdc7c0d20318065931afb58bd4bf865c5014b2db4f1d80a67f6c/hostname",
        "HostsPath": "/var/lib/docker/containers/febd356eb038cdc7c0d20318065931afb58bd4bf865c5014b2db4f1d80a67f6c/hosts",
        "LogPath": "/var/lib/docker/containers/febd356eb038cdc7c0d20318065931afb58bd4bf865c5014b2db4f1d80a67f6c/febd356eb038cdc7c0d20318065931afb58bd4bf865c5014b2db4f1d80a67f6c-json.log",
        "Name": "/SimulatedTemperatureSensor",
        "RestartCount": 0,
        "Driver": "overlay2",
        "Platform": "linux",
        "MountLabel": "",
        "ProcessLabel": "",
        "AppArmorProfile": "docker-default",
        "ExecIDs": null,
        "HostConfig": {
            "Binds": [
                "/var/run/iotedge/workload.sock:/var/run/iotedge/workload.sock"
            ],
            "ContainerIDFile": "",
            "LogConfig": {
                "Type": "json-file",
                "Config": {}
            },
            "NetworkMode": "default",
            "PortBindings": null,
            "RestartPolicy": {
                "Name": "",
                "MaximumRetryCount": 0
            },
            "AutoRemove": false,
            "VolumeDriver": "",
            "VolumesFrom": null,
            "ConsoleSize": [
                0,
                0
            ],
            "CapAdd": null,
            "CapDrop": null,
            "CgroupnsMode": "host",
            "Dns": [],
            "DnsOptions": [],
            "DnsSearch": [],
            "ExtraHosts": null,
            "GroupAdd": null,
            "IpcMode": "private",
            "Cgroup": "",
            "Links": null,
            "OomScoreAdj": 0,
            "PidMode": "",
            "Privileged": false,
            "PublishAllPorts": false,
            "ReadonlyRootfs": false,
            "SecurityOpt": null,
            "UTSMode": "",
            "UsernsMode": "",
            "ShmSize": 67108864,
            "Runtime": "runc",
            "Isolation": "",
            "CpuShares": 0,
            "Memory": 0,
            "NanoCpus": 0,
            "CgroupParent": "",
            "BlkioWeight": 0,
            "BlkioWeightDevice": null,
            "BlkioDeviceReadBps": null,
            "BlkioDeviceWriteBps": null,
            "BlkioDeviceReadIOps": null,
            "BlkioDeviceWriteIOps": null,
            "CpuPeriod": 0,
            "CpuQuota": 0,
            "CpuRealtimePeriod": 0,
            "CpuRealtimeRuntime": 0,
            "CpusetCpus": "",
            "CpusetMems": "",
            "Devices": null,
            "DeviceCgroupRules": null,
            "DeviceRequests": null,
            "MemoryReservation": 0,
            "MemorySwap": 0,
            "MemorySwappiness": null,
            "OomKillDisable": false,
            "PidsLimit": null,
            "Ulimits": null,
            "CpuCount": 0,
            "CpuPercent": 0,
            "IOMaximumIOps": 0,
            "IOMaximumBandwidth": 0,
            "MaskedPaths": [
                "/proc/asound",
                "/proc/acpi",
                "/proc/kcore",
                "/proc/keys",
                "/proc/latency_stats",
                "/proc/timer_list",
                "/proc/timer_stats",
                "/proc/sched_debug",
                "/proc/scsi",
                "/sys/firmware"
            ],
            "ReadonlyPaths": [
                "/proc/bus",
                "/proc/fs",
                "/proc/irq",
                "/proc/sys",
                "/proc/sysrq-trigger"
            ]
        },
        "GraphDriver": {
            "Data": {
                "LowerDir": "/var/lib/docker/overlay2/26681ed99d6c48412183c6d1a57b1430555204bf29d6279759d05f162ba22fe6-init/diff:/var/lib/docker/overlay2/3898b7047d1da7ec919c2eedde1bcb4975cf869f2535fd27b00dcc99538938d8/diff:/var/lib/docker/overlay2/68036f41d90338aaf2b2ac2f4eaf17caa3a9a7c4c77d2aeba9b6ea25fd1b9109/diff:/var/lib/docker/overlay2/4c5187970865ac9288943f71caf810530b3495ec5b987517f176428f2dd59b48/diff:/var/lib/docker/overlay2/10085d5aa23d1290705448520af4392a87ad17dd6d83bd3e2c6d2844c4b16099/diff:/var/lib/docker/overlay2/5c464b012b07615a1542bc528a57064704eb56d50a75acdc6ccaf951d5b36eda/diff:/var/lib/docker/overlay2/4f81ee9b729f81fb0a1aa372e170db15db795f2b707b1a81ccda74ce77784683/diff",
                "MergedDir": "/var/lib/docker/overlay2/26681ed99d6c48412183c6d1a57b1430555204bf29d6279759d05f162ba22fe6/merged",
                "UpperDir": "/var/lib/docker/overlay2/26681ed99d6c48412183c6d1a57b1430555204bf29d6279759d05f162ba22fe6/diff",
                "WorkDir": "/var/lib/docker/overlay2/26681ed99d6c48412183c6d1a57b1430555204bf29d6279759d05f162ba22fe6/work"
            },
            "Name": "overlay2"
        },
        "Mounts": [
            {
                "Type": "bind",
                "Source": "/var/run/iotedge/workload.sock",
                "Destination": "/var/run/iotedge/workload.sock",
                "Mode": "",
                "RW": true,
                "Propagation": "rprivate"
            }
        ],
        "Config": {
            "Hostname": "febd356eb038",
            "Domainname": "",
            "User": "moduleuser",
            "AttachStdin": false,
            "AttachStdout": false,
            "AttachStderr": false,
            "Tty": false,
            "OpenStdin": false,
            "StdinOnce": false,
            "Env": [
                "IOTEDGE_APIVERSION=2019-01-30",
                "IOTEDGE_AUTHSCHEME=sasToken",
                "IOTEDGE_DEVICEID=edgedevice89",
                "IOTEDGE_GATEWAYHOSTNAME=edgedevicetest7",
                "IOTEDGE_IOTHUBHOSTNAME=vanderlende-hub-dev-001.azure-devices.net",
                "IOTEDGE_MODULEGENERATIONID=638339093697036496",
                "IOTEDGE_MODULEID=SimulatedTemperatureSensor",
                "IOTEDGE_WORKLOADURI=unix:///var/run/iotedge/workload.sock",
                "RuntimeLogLevel=Information",
                "PATH=/usr/local/sbin:/usr/local/bin:/usr/sbin:/usr/bin:/sbin:/bin",
                "ASPNETCORE_URLS=http://+:80",
                "DOTNET_RUNNING_IN_CONTAINER=true",
                "DOTNET_SYSTEM_GLOBALIZATION_INVARIANT=true",
                "DOTNET_VERSION=6.0.24",
                "MODULE_NAME=SimulatedTemperatureSensor.dll"
            ],
            "Cmd": [
                "/bin/sh",
                "-c",
                "echo \"$(date --utc +\"[%Y-%m-%d %H:%M:%S %:z]\"): Starting Module\" &&     exec /usr/bin/dotnet SimulatedTemperatureSensor.dll"
            ],
            "Image": "mcr.microsoft.com/azureiotedge-simulated-temperature-sensor:latest",
            "Volumes": null,
            "WorkingDir": "/app",
            "Entrypoint": null,
            "OnBuild": null,
            "Labels": {
                "net.azure-devices.edge.original-image": "mcr.microsoft.com/azureiotedge-simulated-temperature-sensor:latest",
                "net.azure-devices.edge.owner": "Microsoft.Azure.Devices.Edge.Agent"
            }
        },
        "NetworkSettings": {
            "Bridge": "",
            "SandboxID": "6de349982191f897b01beca06fe6109f9b7b0d1ae6777057be4a32e401f13ea3",
            "HairpinMode": false,
            "LinkLocalIPv6Address": "",
            "LinkLocalIPv6PrefixLen": 0,
            "Ports": {},
            "SandboxKey": "/var/run/docker/netns/6de349982191",
            "SecondaryIPAddresses": null,
            "SecondaryIPv6Addresses": null,
            "EndpointID": "",
            "Gateway": "",
            "GlobalIPv6Address": "",
            "GlobalIPv6PrefixLen": 0,
            "IPAddress": "",
            "IPPrefixLen": 0,
            "IPv6Gateway": "",
            "MacAddress": "",
            "Networks": {
                "azure-iot-edge": {
                    "IPAMConfig": null,
                    "Links": null,
                    "Aliases": [
                        "febd356eb038"
                    ],
                    "NetworkID": "0d9a3236f35e0511254401a85122b7cacf06972c3c8e8f75fafe80e0a5e62c6b",
                    "EndpointID": "7295629fbf55f53aa8a7ecf92923454ca2a5e3a3dac455feeb77c990f6ebcd4d",
                    "Gateway": "172.18.0.1",
                    "IPAddress": "172.18.0.4",
                    "IPPrefixLen": 16,
                    "IPv6Gateway": "",
                    "GlobalIPv6Address": "",
                    "GlobalIPv6PrefixLen": 0,
                    "MacAddress": "02:42:ac:12:00:04",
                    "DriverOpts": null
                }
            }
        }
    }
]
