{"additional_info":{"aziot_edged_version":null,"docker_version":null,"now":"2023-11-03T09:07:08.426371276Z","os":{"arch":"x86_64","bitness":64,"id":"ubuntu","version_id":"20.04"},"system_info":{"disks":[],"total_ram":"7.70 GiB","total_swap":"0 B","used_ram":"1.49 GiB","used_swap":"0 B"}},"checks":{"keyd-config-well-formed":{"result":{"result":"fatal","details":["Could not open file. You might need to run this command as root.","error in file /etc/aziot/keyd/config.d/00-super.toml","Permission denied (os error 13)"]},"additional_info":{}}}}


